{
    "type": "datasource",
    "id": "sysdig",
    "name": "Sysdig",

    "metrics": true,
    "alerting": false,
    "annotations": false,

    "info": {
        "description": "Sysdig Datasource for Grafana",
        "author": {
            "name": "Sysdig",
            "url": "https://sysdig.com"
        },
        "logos": {
            "small": "img/sysdig_logo.svg",
            "large": "img/sysdig_logo.svg"
        },
        "links": [
            { "name": "GitHub", "url": "https://github.com/draios/grafana-sysdig-datasource" },
            {
                "name": "Apache 2.0",
                "url": "https://www.apache.org/licenses/LICENSE-2.0"
            }
        ],
        "version": "0.7",
        "updated": "2018-05-03"
    },

    "dependencies": {
        "grafanaVersion": "4.6.x",
        "plugins": []
    }
}
